{
  "name": "char_gru",
  "train_ppl": [
    3.7395296103823266,
    3.5816305636383197,
    3.5572937021769997,
    3.5449037317158534,
    3.5354786532986773,
    3.529586851699125,
    3.52481629848782,
    3.520441173630842,
    3.517765043669153,
    3.515512045136333,
    3.5131599438665853
  ],
  "val_ppl": [
    3.6420179282919243,
    3.6195562271564556,
    3.623514117396796,
    3.6124975894078446,
    3.6117341909722995,
    3.592828842832556,
    3.606569326419329,
    3.595080274313194,
    3.6015749363503624,
    3.5928637554799097,
    3.706246701779374
  ],
  "train_time_seconds": 8936.56
}