{
  "name": "char_rnn_droput",
  "train_ppl": [
    4.322795641122333,
    4.220802010752309,
    4.210419420130672,
    4.208381904719898,
    4.210100377992557,
    4.2125598927037675,
    4.221923456702271,
    4.225192204651148,
    4.2309635501824685
  ],
  "val_ppl": [
    4.0370656239322535,
    4.021080427397693,
    4.019068014247549,
    4.0128810730066675,
    4.01446059997876,
    4.0194695387891,
    4.032264955000281,
    4.019613666079861,
    4.013312249106778
  ],
  "train_time_seconds": 3799.27
}