{
  "name": "char_lstm",
  "train_ppl": [
    3.5780248279907467,
    3.358806331614295,
    3.329381469380158,
    3.3151728733123225,
    3.306152265305363,
    3.299686342417312,
    3.2947671480471796,
    3.2911011223878344,
    3.2880978213087695,
    3.2856091683985054,
    3.2834313217521793,
    3.2813990679614093,
    3.279803711393068,
    3.278059642980371,
    3.2770939092696034,
    3.27577369082089,
    3.2744466698170878,
    3.273425348849975,
    3.27234185494062,
    3.2714738874192486,
    3.2706472593197287,
    3.2700833259905964,
    3.26935991460102,
    3.2688069654563967,
    3.267677446263933
  ],
  "val_ppl": [
    3.53361736497335,
    3.525641819785408,
    3.5140000388570387,
    3.521504999745526,
    3.5238248380788932,
    3.5140139690453474,
    3.5126491525846797,
    3.515398845525074,
    3.513880015539807,
    3.514994499830417,
    3.5102604917044795,
    3.516711580736696,
    3.511867364276935,
    3.518287637603389,
    3.508148304759935,
    3.5120110812434615,
    3.517302324556573,
    3.5095922389106287,
    3.5083108196835777,
    3.5044204355826065,
    3.5071998070530874,
    3.5114604203086897,
    3.5081397738756066,
    3.5065641943677055,
    3.5069311089797193
  ],
  "train_time_seconds": 21900.65
}