{
  "name": "seq2seq_model",
  "train_loss": [
    6.011866713777373,
    5.4084455248675765,
    4.8246721165089665,
    4.341132546376579,
    3.947486613671991,
    3.6302406504184384,
    3.3806356526628325,
    3.1725807739209526,
    2.9929054637498496,
    2.847407080553755,
    2.720580275149285,
    2.6049562076979047,
    2.516097315655479,
    2.426471947114679,
    2.352183644831935,
    2.2877991590318802,
    2.226484774637826,
    2.174180734459358,
    2.1277939603298526,
    2.0802406006221528,
    2.0372821693178973,
    2.0040101674538624
  ],
  "val_loss": [
    5.734196850231716,
    5.112043111664908,
    4.599546997887748,
    4.218100815159934,
    3.928298587458474,
    3.721099150180817,
    3.5644728183746337,
    3.443841453960964,
    3.359528088569641,
    3.284183245045798,
    3.242722933632987,
    3.2099130511283875,
    3.192526367732457,
    3.1487004126821247,
    3.149391864027296,
    3.140392117840903,
    3.128651601927621,
    3.1309101036616735,
    3.1163541351045883,
    3.110074484348297,
    3.113714139802115,
    3.121011698246002
  ],
  "train_time_seconds": null
}